ulasan,label_aktual,prediksi_indobert,p_positif_indobert
"tolong donk buat pengembang aplikasi gojeknya, untuk fitur go gamesnya masa ngadain misi buat main 3 game masing-masing main minimal 3 menit buat dapatin kunci peti harta karunnya pas gue udah main lebih dari 3 menitan buat satu game doank tapi sistemnya nggak mendeteksi kalau gue udah main selama 3 menitan. perbaiki donk sistem mini gamenya",positif,negatif,0.1372
"saya kecewa setiap weekend atau libur tgl merah saya selalu kesulitan pesan gojek di waktu subuh sekalinya dapat tapi map nya ga jalan2, atau sekalinya jalan menjauh tapi seringnya memang ga ada sama sekali. terutama di wilayah Cimanggis bojonggede",positif,negatif,0.0762
Cepat tepat dan nyaman,positif,positif,0.9988
karya anak bangsa semoga tidak meninggalkan grassroot,positif,positif,0.984
selalu puas dan selalu jadi pelanggan setia,positif,positif,0.9986
"selaku pelanggan lama gojek agak kecewa ...krn sekarang sepeda listrik masuk k goride comfort, jujur gak nyaman tempat dudukan nya...bikin pinggang sakit..apalagi klo ada jln raya nya gak mulus sakit semua setelah naik goride comfort sepeda listrik...mohon d ubah donk gojek...please",positif,negatif,0.4372
"overall oke banget dan suka banyak promo, tapi tambahin fitur bayar pakai dana plss😔, atau qris gitu pas mau bayar makanan..",positif,positif,0.9979
good as usual,positif,positif,0.9971
aplikasi nya bagus dan gojek ramah,positif,positif,0.9987
"Recommended, cepat, terpercaya.",positif,positif,0.9987
mines gofood mahal,positif,negatif,0.0927
pasti ada jalan,positif,positif,0.9947
karna pelayanan yang cepat,positif,positif,0.9983
"aplikasi nya bagus.. tp yg lucu,,, knpa d bkin aplikasi gofood dg ongkir murah.. tp pas milih itu ujung2 nya ngga dpt driver dan hrus d batalkan... dg alasan ya ituu.. milih ongkir murah... kwkkwkwkw klw mmng ngga akan d ambil driver, mnding ngga ush d bkin ongkir murah kakaaaa... 🙏🙏 saran ajaaa sih ya.. mending hapus ajaa",positif,positif,0.6016
sangat membantu dan mudah dimengerti,positif,positif,0.9989
"suka bangettt plss, stiap mlm klo laperr sllu mesen, cptt smpe ny jugak",positif,positif,0.9967
pengemudinya ramah dan safety,positif,positif,0.9987
"Kalau cari driver lama, mentang mentang pake yang murah.. pdhal kalau mau ambil pasti tak lebihin orang orang tu.. dah gitu pernah ada yang gk sopan.. makin males pake gojek",positif,negatif,0.0719
Utamakan pelayanan dan keselamatan🙏,positif,positif,0.9968
"gojek sangat membantu kebutuhan sehari-hari apalagi kalau sedang kehabisan makanan dirumah, dengan gojek semuanya beres banyak promo yang dapat digunakan sehingga mendapatkan harga yang terjangkau",positif,positif,0.9965
"bagus, tapi ngeselin pesen makanan kalo nunggu drives lama ga dapet dapet perkara pake vocer murah mana ga bisa di batalin lagi gila ni apk lu mau gw mati kelaperan",positif,positif,0.989
cepat tepat dan akurat harga terjangkau 👍👍👍,positif,positif,0.9985
Kenapa alamat saya hilang? Ikuti alamat sesuai peta tapi yg keluar alamat lain.,positif,negatif,0.0637
cepat dan aman,positif,positif,0.9987
Gojek ini sangat bagus sekali,positif,positif,0.9988
semoga semakin baik dan menjadi yg terbaik,positif,positif,0.9984
"Terhitung 2019, saya tidak ikut gojek lagi. Apa saja yg harus saya lakukan untuk nenjadi pengguna gojek. Terima kasih.",positif,positif,0.897
bagus kak bahanya,positif,positif,0.9988
terimakasih selalu ada dan selalu bisa di andalkan gojek selalu bisa disaat di butuhkan,positif,positif,0.9983
"tepat waktu, sopan",positif,positif,0.9987
kemana-mana beres dengan gojek,positif,positif,0.7897
makasih jek sudah memperkerjakan saya 🙂,positif,positif,0.9949
Bagaimana kalau go food hanya menerima layanan untuk makanan yang halal saja....terima kasih,positif,positif,0.9884
perjalanan jadi lebih mudah 👍👍👍,positif,positif,0.9978
"selalu jadi kebutuhan ku aplikasi ini,the best",positif,positif,0.9987
mojon gopay latery di altifkany butih dana secepaty,positif,negatif,0.1069
sangat membantu terimakasih,positif,positif,0.9987
cepat.. nyaman.. aman,positif,positif,0.9989
"udh santai drumah, harga jg lebih murah drpd offline",positif,positif,0.9958
"order cepat , driver datang sesuai estimasi waktu",positif,positif,0.9966
Transportasi tepat guna melayani dg baik dan cepat,positif,positif,0.9985
"sangat worth it bangettt, merata di semua daerah!",positif,positif,0.9967
"suka banget sama fitur gosend nya,bikin g ribet kalau mau kirim pakaian mknn dll",positif,positif,0.9851
"gojeg tolong untuk driver atas nama Romansyah alamat Kawasaki rawapanjang kota bekasi RT 01 RW 06 di off aja aplikasi nya ,orang itu Cepu narkoba dan dia pengedar narkoba juga ,",positif,positif,0.6121
semoga apk nx jujur dn mudah,positif,positif,0.9984
mantaf dan bermanfaat,positif,positif,0.9986
driver nya ramah dan baik serta cepat,positif,positif,0.9986
smp sejauh ini sih masih oke aplikasi dan driver nya..blm nemu yg aneh2.jadi ak kasih bintang 5 aja deh,positif,positif,0.9828
"Satu aplikasi yang paling bagus banget saya suka belanja dan mencari motor dan mobil bisa pergi kemana saja,terima kasih gojek.",positif,positif,0.9969
sangat mudah dan sangat membanty,positif,positif,0.9988
"Titik jemputnya sesuai peta dan nama tempatnya, tarif sekarang lebih murah",positif,positif,0.9928
selama ini saya berlangganan dengan gojek aman dan beliu selalu naik dan sopan terimakasih untuk semuanya,positif,positif,0.9985
sangat membantu fan efektif,positif,positif,0.9989
Tambahin dong min Go Message(reflexi/tukang kusuk),positif,negatif,0.3541
sangat baik serta sopan,positif,positif,0.9987
semua pelayanannya sangat memuaskan,positif,positif,0.9987
Mudah untuk berpergian,positif,positif,0.9987
keren gojek pokok nya,positif,positif,0.9986
Sementara blm ada apk yg sebanding,positif,positif,0.5225
"Pelayanannya baik, driver saya selalu dapet yg enak orangnya, diajak ngobrol, curhat, sampe roastingan juga. semoga selalu dapet driver yg enak dan pelayanan yg baik terus, terima kasih gojek",positif,positif,0.9981
sopan dan ramah,positif,positif,0.9985
Gojek SIPSUDAHHHH 👍🏻👍🏻👍🏻👍🏻👍🏻,positif,positif,0.9944
selalu puas lynan gojek,positif,positif,0.9984
berguna banget sih In this ekonomi,positif,positif,0.9979
sip sering ada peomo,positif,positif,0.9971
"admin cs tolong baca ini buat perkembangan apk kalian. apk ini bagus, kurangnya cuma 1. metode pembayaran QRIS. toloong sediain metode qris dong biar gampang ga ribet topUp"".",positif,positif,0.9833
nyaman dan cepat,positif,positif,0.9988
"udh pernah pakai ap gojek dari 2021 sbnrnya cmn hp sempet ilang dan lupa akun, skrng pakai akun baru. gojek bner² bisa d andalkan utk penjemputan jga selalu tepat waktu selama saya pakai gojek",positif,positif,0.9701
"saya sangat terbantu dengan platform ini, semoga layanan gojek semakin ditingkatkan",positif,positif,0.9977
bagus daripada grab,positif,positif,0.998
"Terima kasih ya mas, layanan memuaskan.... 👍👍👍👍",positif,positif,0.9983
"sudah bisa didownload billnya, tks ya min 👍",positif,positif,0.9975
gojek is thebest,positif,positif,0.9154
Sudah bagus tapi terlalu sering minor update,positif,positif,0.9928
Tolong tambahkan mode gelap,positif,positif,0.8493
untuk ketereangan makanan halal dan tidak halal di perjelas di goofood dong.,positif,negatif,0.2281
gerceppppp... cakeeeppp... 😉,positif,positif,0.9905
puasss bngttt 👍👍👍,positif,positif,0.9984
untuk saat ini pelayananya bgus,positif,positif,0.9985
gojek top..cuma susah ya mau daftar jadi ojol gojek,positif,positif,0.9617
bagus banget pelayanannya cepat barang ketinggalan tim cs-nya sigap cepat tanggap,positif,positif,0.9984
"sangat membantu untuk aktivitas saya, baut kirim barang dan murah ongkir nya, sukses terus GO-JEK.",positif,positif,0.9988
aplikasi nya sangat sangat berguna banget untuk berpergian sendirian tanpa harus bingung mau naik apa. terimakasih buat aplikasi gojek sangat berguna dan seru. aku kasih bintang 5 ⭐⭐⭐⭐⭐,positif,positif,0.9984
pelayanan ok.cepat respon.banyak promonya di gojek,positif,positif,0.9986
Alhamdulillah kehadiran Gojek sangat membantu aktivitas sehari2. Pelayanan yang ramah dan sering ada promo menarik juga. Semoga Jaya terus Perusahaan Gojek dan Para Driver nya selalu sehat dan berkah rezeki nya.,positif,positif,0.9984
"perdana pesan ,gercep ,makasih gojek",positif,positif,0.9961
"Aplikasi nya Oke, Mudah Mendapatkan Driver nya, Lebih Nyaman Berkendara Dengan Gojek",positif,positif,0.9985
driver ini sgt ramah..layak dikasi bintang 5...semua ny oke..bagusss...,positif,positif,0.9984
"gercep, ramah penjemput/pengirim nya, sopan. kiranya tetap sehat & selamat dalam perjalanan melakukan tugas.",positif,positif,0.9976
pokoknya the best dech gojek,positif,positif,0.9986
"sering dapet diskon, amat sangat membantu. cepat dapat drivernya",positif,positif,0.9982
"Lawak aplikasi ga bisa dibuka setelah login, force close terus terusan. Udah 2 kali install ulang tetep aja Edit: Sudah hapus data layanan google play, hapus data maps, dan restart hp baru bisa min, ini solusinya rupanya",positif,negatif,0.042
Good sangat membantu,positif,positif,0.9988
murah dan baik pelayanan nya 👍,positif,positif,0.9985
"sangat membantu , terimakasih",positif,positif,0.9987
Belanja dg Gojek sangat memuaskan,positif,positif,0.9987
ok sangat membantu,positif,positif,0.9988
Tambah metode pembayaran Qris dan virtual account,positif,positif,0.9571
mohon chat sms mudah terlihat oleh pelanggan,positif,positif,0.9956
pesan apapun selalu sampai tepat waktu mantapp,positif,positif,0.9979
mempermudah kaum mageran ky sy,positif,positif,0.995
memberikan pelayanan yg terbaik,positif,positif,0.9985
"untuk titik jemput tolong dong di perbaiki,tiap pakai gojek titik jemput selalu bermasalah udah berkali2 di ketik tetap blok lain yg dapat,akhirnya selalu chating driver ngasih tau blok sebenarnya,pernah lupa chat driver dia nunggu di blok lain saya nunggu di depan rumah,keseringan map selalu nunjukin blok disebrang rmh",positif,negatif,0.0764
mudah gampang cepat,positif,positif,0.9987
ok banget pokok nya,positif,positif,0.9987
menarik luar biasa,positif,positif,0.9983
dapat nengatasi masalah dengan cepat,positif,positif,0.9971
"Sabar Sabar ya Customer... driver yg Deket lokasi Sampean gak kebagian Order... jadi driver YANG POSISINYA JAUH, yang dapet orderan sampean.... emang bgitu Stelan aplikasi GojekDriver nya !!!",positif,negatif,0.1005
"pesanan datang sesuai dengan waktu yang dijanjikan, diantar dengan aman sampai tujuan",positif,positif,0.9966
klw order ko jauh2 ya drivernya coba kyk grab deket2.,positif,negatif,0.2332
best and driver amanah,positif,positif,0.997
aplikasi yang sangat membantu,positif,positif,0.9987
dinggo golek sandang pangan,positif,negatif,0.1318
simple gak ribet,positif,positif,0.9986
"Pelayanan bagus,tepat waktu 👍👍",positif,positif,0.9986
cepet dlm mnjemput penumpang,positif,positif,0.9968
syukur ALLHAMDULILAH. cukup baik,positif,positif,0.9986
mantap driver ny ramah 🚀,positif,positif,0.9987
biar bisa gunakan paleter bismillah,positif,positif,0.9795
aplikasi ini sangat membantu,positif,positif,0.9986
promonya lagi banyak dan murah . thanks gojek,positif,positif,0.9982
"kenapa ini check-in point gabisa dibuka, gopet juga gabisa dibuka karena masalah jaringan dan server error",positif,negatif,0.051
"MasyaAllah, nyaman saat berkendara..",positif,positif,0.9985
selalu dapet driver yang baik dan sopan,positif,positif,0.9983
"Terima kasih aplikasi gojek saya,suka makan Jawa ,di gojek semua assalamualaikum syaa mau izin bnget, sebelum minta maaf, bosnya mau kirim makan ke teman, sedangkan saya tidak ada di rumah, wajar nggak saya, sebelum Pak maaf saya izin foto ya pak, pacar saya enggak foto bapaknya saya foto bapaknya Mega makanan mukanya saya tutupin, terus di bilang ke saya kaya gini, mbanya saya foto juga,lah saya yang krim pak,dan foto makan untuk bukti ke bosnya saya pak,",positif,positif,0.7224
Asal ngasih bintang gak dosa kan ya?,positif,negatif,0.2944
bagus apl nya buat harian,positif,positif,0.9988
Simpati dengan kasus pak Nadiem🙏,positif,positif,0.9838
gojek selalu terbaik..,positif,positif,0.9986
dengan adanya aplikasi ini banyak orang terbantu,positif,positif,0.9979
"Please min, hapus sistem double order. Kami sebagai pelanggan sangat keberatan. Kita sudah bayar ongkir normal (bukan yang hemat ongkir 3K) tapi kerap kali driver dapat driver yang kena double order yang tentunya mengakibatkan keterlambatan pesanan saya. Intinya makin kesini Gojek makin kapitalis banget dah sumpah",positif,negatif,0.3202
biasa aja sih,positif,positif,0.9877
sangat di perlukan buat bepergian,positif,positif,0.9986
sangat membantu sekali di saat kepepet mengejar waktu,positif,positif,0.9987
kak tolong tambahkan fitur pembayaran Qriss,positif,positif,0.9629
"support terus buat drivernya, biar lebih sejahtera",positif,positif,0.9985
sangat memudahkan kita,positif,positif,0.9989
"so far never dispointed ,thanks",positif,positif,0.9963
mendapatkan driver yang baik,positif,positif,0.9972
on time n ramah,positif,positif,0.9988
"customer service/ layanan pelanggan nggak membantu sama sekali, semua dibuat template sedangkan kendala user bukan hanya yg ada di template. seharusnya dibuka field tersendiri yang customable, sehingga user bisa menyampaikan keluhan yg lebih spesifik dan relate dengan casenya",negatif,negatif,0.018
"kecewa banget sama ini aplikasi gua order dari jam 6 sore sampe jam 7.30 ga ada yang ambil, disuruh cancel dan order ulang sampe jam 8.48 yang harusnya ham 6 ini masa sampe jam 8.48 mana ga di cancel orderan yang kedua mohon balikin duit gua, gua ga nerima makanan nya",negatif,negatif,0.0172
Sudah tutup dan menghapus akun aplikasi kenapa masih terlihat aktif dan dapat menerima saldo.,negatif,positif,0.8116
ga driver ga app lama.,negatif,negatif,0.0241
"Kecewa dengan sistem GoTransit dan penanganan customer service-nya. Saya memilih GoTransit karena harganya lebih murah meskipun harus mengorbankan waktu dan tenaga untuk transit. Namun ketika perjalanan saya tidak berjalan sesuai tujuan yang seharusnya, saldo GoPay saya tetap dianggap akan terpotong Rp47.000 dengan alasan transaksi “terjadwal”.",negatif,negatif,0.0267
"kenapa kalo pesan yg antri nya lama susah dapet driver bahkan gadapet driver, minimal kasih solusi lah, atau apa kek gajelas.",negatif,negatif,0.045
"parah driver nya barang saya hilang dan tidak bertanggung jawab sudah info cs,ngga ada jawaban apa apa",negatif,negatif,0.0186
woy ngotak lah kalo cancel makanan masa udah 1 jam nunggu baru di cancel ya kalo emang driver nggak ada di daerah pesanan cancel lebih awal Napa bukan waktu ni nggak berharga gimana dahhhh,negatif,negatif,0.0228
"Kenapa ya gojek itu nyebelin bgt, udah 4x kejadian selalu nunggu makanan selama hampir 2jam ternyata gaada driver yang nganter. udah hubungi cs juga ga guna",negatif,negatif,0.0162
susah nyari driver,negatif,negatif,0.0454
"Qa nya gimana sih, kok bisa bisa nya bug sebesar ini muncul dan lolos test case : jadi, saya order go ride kendala nya tidak dapat driver terus menerus, saya cancel donk pencarian driver nya nah di apps itu di latar belakang malah terus cari driver kembali yang mengakibatkan double order ketika ingin mencoba cari driver kembali, tolong Qa dan tim Dev gojek evaluasi bug ini, saya sudah mengalami hal serupa sebanyak 2x front end apps anda sudah bagus masa penanganan di dapur nya seperti itu🫠😅",negatif,positif,0.5614
"khusus buat pelanggan kojek khususnya manusia yg suka mesen food...kalian itu kalo mesen makanan jangan suka nyuruh2 driver naro makanan diteras rumah kalian, yg mana pelanggan nyuruh driver buka pager rumah kalian cuma buat naro makanan (ini udah bukan zaman COVID) kalian kan masih punya kaki, keluar buat nerima makanan emang kenapa sih...",negatif,negatif,0.2482
"banyak masalah, mengecewakan sekali",negatif,negatif,0.102
"apk tolol,saya mesen gofood dari jam 8 sampe nunggu jam 9 ga ada informasi samsek,giliran pesen ulang baru di porses",negatif,negatif,0.0106
gila tagihan gopay later telat 1 hari aja di denda 50,negatif,negatif,0.034
tak bagus harga pembelian nyaa ga sesuai saat kita checkout,negatif,negatif,0.0181
"agak kecewa sama gojek, kalo ongkir murah para driver gak ada yg mau nerima , pada batalin semua , meskipun gofood nya jg gitu , nominal sedikit langsung drivernya batalin klo minta bantuan jg gk ada solusi",negatif,negatif,0.0252
kurangin dikit itu notif sehari bisa puluhan udah dimana mana ada iklannya ni aplikasi,negatif,negatif,0.1149
makin gak jelas semua driver gojek ini. kayak tidak menghargai pekerjaan. berkali-kali mesan tidak ada dapat driver satu orang pun. padahlah udah nunggu sampai 2jam lebih. gak ngerti lagi sama pelayanan gojek ini. alasan selalu sibuk. muak banget sama aplikasi ini.,negatif,negatif,0.0121
ini aplikasi kek tr*vel*ka. ada algoritma yang kalo ngecek harga 2 atau 3 kali akan berubah.. ga rekomendasi,negatif,negatif,0.0604
susah dapat driver,negatif,negatif,0.0283
"ngapa lebih mahal dahh, terus daftarr gojek plus biar murah,malah tambah mahal,gak jelas",negatif,negatif,0.0304
"Saya pesan makanan, ditunggu 30 jam gojek nggak datang-datang. Gak beres. ---- Pengemudi di Serang, Banten, banyak yang nggak beres. Saya disuruh nunggu, tapi pengemudi nggak datang-datang.",negatif,negatif,0.0069
driver nya di bina dulu sebelum ke jalan,negatif,positif,0.9592
"Tolong drivernya di pantau, harga udah deal, setelah sampai tujuan malah minta tambah 20ribu. kacaaaauuuuu, kapok pakai gojek, cukup sekali aja...!!!!",negatif,negatif,0.0701
"lagi buru buru, aplikasinya eror. Berkalo kali suruh coba lagi karena ada gangguan. hssss",negatif,negatif,0.3824
"driver gojek nya ribet- ribet kita customer, dan bayar juga bukan GRATIS",negatif,negatif,0.0663
"Di perbaiki lagi, buat komplennya, makin sini makin jelek, pesanan sering telat",negatif,negatif,0.0914
ngelag terus... pesen gofood lama banget cari drivernya. paling parah lag nya,negatif,negatif,0.0393
"pas susah cari driver, gak bisa dibatalin. malah harus nunggu sesuai estimasi. mana lama bgt lagi.",negatif,negatif,0.0409
udah nunggu gofood 2 jam di cancel otomatis dari sistem,negatif,negatif,0.0154
gojek tolong buat goride nya gausah pake banyak macem2 gojek murah lah gojek cepat lah gojek comfort lah RIBET jd lama dapat driver nya,negatif,negatif,0.4935
gofood yang buruk,negatif,negatif,0.0211
"area denpasar makin hari makin susah dpt driver,mau ojek,food,send.",negatif,negatif,0.0509
banyak yang ngaret driver lu males sumpah,negatif,negatif,0.1085
nunggu makanan 2 jam ujung ujungnya di cancel.,negatif,negatif,0.0135
"gabisa buat cencel gofoodd, saya order gofood dgn estimasi tiba 40-50 mnt, saya uda prepare pesen 2jam sblm keberangkatan ke kereta biar bisa di bawa di perjalanan. malah ada kendala lain2 sampe di last call kereta jg blm dateng, mau cancel sendiri gabisa, driver gabisa, resto ga bisa, ga jelas bgt",negatif,negatif,0.0114
beli mie gacoan 1 sama harganya klo pesen 3 mie via goofood .. hargai sangat mahal dan di luar nalar.. mending pakai shopyfood,negatif,negatif,0.039
waktu pemesanan yanh sangat lamaa,negatif,negatif,0.0867
"driver yang pakai celana pendek/ sepeda motor nya tidak sesuai aplikasi tolong pm, satgas gojek di malang juga diem aja tugasnya apasih satgasnya itu",negatif,negatif,0.0288
"UDAH INI ITU TRANSFER NYA KENAPA GAGAL TERUS , NGGAK SEMUA ORANG SELALU PUNYA DUIT BUAT BAYAR TEPAT WAKTU YA",negatif,negatif,0.039
"Tolong knp kdng kdng pas masuk gojek nya tiba tiba ngelag yah kek masih kosong semua fotonya, trus padahal wifi lancar, penyimpanan masih banyak,tlong diperbaiki yah,kalo tetap sama aja di turunin lagi",negatif,positif,0.6655
"Mau Transaksi Tidak Bisa,Karena Terlambat Bayar Di Produk Lain... Gak Jelas",negatif,negatif,0.0114
gojek SOP nya emang lambat ya pengantaran nya? makanan yang harusnya datang 30 menit pun jadinya 1 jam 30 menit,negatif,negatif,0.0202
setiap pesan grabcar dpt hrg murah selalu tidak mau nerima driver beda sama apk sebelahh,negatif,negatif,0.0176
wajib uninstall..udh susah dapet driver harga nya juga mahal ga kaya dulu lagi,negatif,negatif,0.1428
"TOLONG YA NYARI DRIVER BUAT GOFOOD AJA LAMA BGT BAHKAN SAMPAI DICANCEL SENDIRI, SAYA UDAH NUNGGUIN 1 JAM NAHAN LAPER HABIS FULL KEGIATAN HARUS DI CANCEL ANJIR",negatif,negatif,0.0359
"driver di bali sering minta di batalkan , dan bahkan kalo sudah ada penumpang minta offline saja suruh di cansel di aplikasi , dan parahnya suka minta harga 2 kali lipat ,,",negatif,negatif,0.0465
"saya kasih bintang 1 min.. karna saya kecewa banget... saya sudah deket dengan resto tapi kecancel sendiri min... jadi saya gak mood min... tolong d rubah lg sistem nya min.. jgn membuat driver lain kecewa... kasian driver lain min jarak jauh pas nyampe resto ke cancel sendiri min. .. sya sangat bener"" kecewa min",negatif,negatif,0.158
gofood lama dapet drivernya udah nunggu 2 jam masih ngga dapet,negatif,negatif,0.0094
game bolak balok yang ada di aplikasi gojek customer di saat skor mencapai/melebihi angka 10000 sengaja dibuat gangguan/error agar game tersebut tidak mau ngasih reward alias SCAM,negatif,negatif,0.0422
"susah cari driver, alibi banyak promo biar banyak yang tertarik giliran di pakai susah cari driver yang mau, jelas banyak driver yang gamau ambil pick up promo karena kebijakan dari gojek untuk tarifnya nggak sebanding bisa di bilang rugi di driver dan imbas nya ke pelanggan, lebih di pertimbangkan lagi kalau bisa gaada yang di rugi kan dari pihak driver dan pelanggan",negatif,negatif,0.0131
aku udah beberapa kali pesen makan ujungnya dibatalin kek why???,negatif,negatif,0.1684
INI KOK MALAH MAHAL BANGET ?!! ANEH NIH GOJEK,negatif,negatif,0.0319
hanya 7 menit saya bisa menunggu tapi dibatalkan,negatif,negatif,0.3268
udah pesen gojek yang mahal tetap aja nunggunya lama payah nih aplikasi,negatif,negatif,0.0261
gopay plus otomatis perpanjangan. males banget udah kepotong paling mahal 90 hari. sedangkan aplikasi jarang dipakai,negatif,negatif,0.0412
"makanan telat hampir sejam gara"" driver sesuka hati cancel pesanan baru cuma di kasih kompensasi 6 ribu kocak"" ...",negatif,negatif,0.0118
"sumpah gua kecewa bngt sama aplikasi dan pihak manajement gojek , sya pesan makanan dan ada pilihan ongkir murah, saya cb ambl ongkir murah. malah 1 jam lbh tdk dpat driver jadi mknan tdk sampai², giliran saya batalin dan pesan ulang dan pilih prioritas (lbh mhl) malah hanya beberapa menit langsng dapat driver. sorry sy kasih bintang 1 baru kali ini syaa kecewa padahal suka berlangganan di gojek baik makanan atau pun yang lain",negatif,negatif,0.0534
gofood uda nunggu lama eh di batalin gadapat drivernya. sulit bngt yaa,negatif,negatif,0.0505
pelayanan buruk. .,negatif,negatif,0.0255
"sy setia pakai gojek krn goride ridernya sopan,lah..ini sdh 3x lg di phpin sm driver gocar,sampai 1 jam lamanya nunggu dan ngeselinnya sy order yg cepat byr lbh mahal tp atitude driver sok skali,cm perihal mslh titik jmpt sdh jelas2 lobby utama,lah dia jmpt sy di bwh tangga lobby yg jauh trs sok keras ngomongnya,asal batalin orderan lempar ke driver lain dgn tarif yg 2x lbh mahal?itu knp ya? mohon donk klo drivernya emg gak bisa dan gak jmpt cancel aja,gak ush sok gak butuh asal main ilang aja.",negatif,negatif,0.0561
"langganan plus ga worth it, pengiriman nyari driver luaamaaaaa, kapok pake gojek sekarang ga kek dulu lagi",negatif,negatif,0.0174
"mau gofood susah bgt dpt driver, udah 3 kaliam di cancel haduhh, bt dah",negatif,negatif,0.0348
"Saya pelanggan lama, tapi maaf ⭐1 dulu",negatif,positif,0.8161
"parah gojek skrg kalo pesen makan, smpe 1 jam setengah blm diambil jugaa, pantes skrg ada opsi pembatalan, makin kesini makin jelek pelayanannya",negatif,negatif,0.0555
"tidak responsif, sudah buat laporan tapi tidak ditanggapi kembali, hanya template jawaban doang..",negatif,negatif,0.0145
sibuk apanya 5 kali pesan ga dapat driver hbs waktu terbuang naik asam lambung udah bubar aja mending app sebelah 10 mnit dpat driver sdh. percuma tiap hari promosi makanan murah ongkir gratis tapi ga dpat driver padahal masih pagi siang ya apa guna nya Lucu kali. KECEWA BANGET JANGN HARAP DAPAT FULL BINTANG BAHKAN ADA DRIVER AJA KU MINES SETIAP BELI GA PEDULI KECEWA BANGET SDH,negatif,negatif,0.0127
aplikasi anak bangsa (t),negatif,positif,0.971
"driver makin pada belagu , nunggu sampe 30 menit gak gerak2 ,di sosmed pada ngeluh orderan sepi padahal emang pada males aja mental orang miskin",negatif,negatif,0.0135
sistemnya bagaimana sih? saya punya simpanan gopay ratusan ribu tapi sistemnya pilih bayar cash melulu. kadang saya yang di suruh mesenin GO-SEND sering lihat bayar pakai cash.,negatif,negatif,0.3214
"uda nunggu sejam lebih, ga ujan, tetep ga dpt driver, tiba-tiba dicancel sama aplikasi orderannya, hapus aja tuh ongkir 1rp ngapain ada klo drivernya ga ada",negatif,negatif,0.0097
pelit bgt bikin iklan tapi ga ada tombol keluar? sampah tau ga iklannya tu,negatif,negatif,0.0228
TIDAKK REKOMEND!!!! UDA NUNGGU 1JAM LEBIHHH TB2 DI BATALKANNN DGN ALASAN YGG MSUK AKALLL...... SY PESEN Y KRNAAA LAPERRR KNP D BTL IN UDA NUNGGGUUUU LOHHHH............. gausa bntg ini satu cm buat pjgn biar bisa repostt ajah! uda uninstal g brfunsi jg klo laper tb2,negatif,negatif,0.0668
"Akhir-akhir ini lagi susah banget dapet driver di gofood dan selalu saja di undur untuk estimasi diterimanya, heran saya, gunanya ada estimasi pengiriman apa kalau pada akhirnya di undur terus? Tolong di perbaiki",negatif,positif,0.5511
sudah nunggu 1 jam buat pesen makan. tapi tiba2 di cancel dan disuruh order lagi. parah banget. tolong di perbaiki kalau driver sibuk Carikan yang lain. sia2 waktu jam makan siang nya.,negatif,negatif,0.0277
"kurang ajar emang, bekali kali order sampai resto baruasuk kasihan driver nya jauh jauh ngambil sampe resto baru masuk. pakai hati kalian sedikit!",negatif,negatif,0.0121
"SUSAH BANGET DAPET DRIVERR GOFOOD, PROMO GEDE TP DAPET DRIVER SUSAH....SATU JAM LEBIH KU TUNGGU, BERKALI2 LOH GA CUMA SEKALI...PADAHAL POSISI GW DI KOTA, GA YG PINGGIRAN GITU....",negatif,negatif,0.0217
"tolong banget.... kalo memang gaada driver yg mau ambil, jangan nyuruh kt nunggu dulu 1 jam br dikasih gau gaada driver..... buang-buang waktu tau ga, gila ya :)",negatif,negatif,0.0576
"ga dpt driver gofud, parah bgt, kecewa bgt",negatif,negatif,0.0245
"pesen gofood disini 2 jam baru nyampe, pindah resto pun sama aja. udah uninstall setahun kirain berubah baik. taunya makin buruk",negatif,negatif,0.0161
aplikasi cacat gangguan terus,negatif,negatif,0.102
"bisa""nya g dpt driver pas lagi laper""nya sampe 80menit",negatif,negatif,0.1781
pencarian driver sangat lama,negatif,negatif,0.0246
"tolong dong untuk gofood di benerin lagi, susah banget dapet driver untuk nganternya, walaupn gak pake harga pengantar murah susah juga dapet driver nya, apalagi kalo pake pengantar harga murah malah makin susah dapet driver nya kdang sejam lebih baru dapet driver nya, pdhl saya cumn pake yang ada di sediain, kalo pake vocer mun ga ada sma skli driver yng yang mau ngambil aneh bangett sih, tolong di perbaiki lagi dongg, sangat kecewa makin sini!!!!!",negatif,negatif,0.0234
bagus dan membantu tapi tolong dong diperbaiki kadang ga enak sama driver di aplikasi drivernya masih jauh eh ternyata udah dari tadi tolong ya gojek di perbaiki,negatif,positif,0.991
"Susah nyari driver, palayanan juga buruk",negatif,negatif,0.0325
drivernya parah semua,negatif,negatif,0.1471
sesusah apa sih pesan gofood nunggu 2 jam gak dapat dapat padahal masih jam 8malam saya pesan dengan alasan driver sibuk,negatif,negatif,0.0092
"Niat punya driver becus g sih? dapat driver maknan sulit ok tp pas sekalinya dapat ditolak 3"" nya dan tau emang pilih murah tapi costumer juga itu lapar, paham g? udah driver ojek online malah ini makanan ditolak aneh, g niat mh g ush ada.",negatif,negatif,0.0433
cara hapus akun nya gimana cok,negatif,positif,0.7394
"pengelolaan aplikasi masih buruk, help desk tidak membantu, semoga diperbaiki",negatif,negatif,0.0526
gofood lama banget.,negatif,negatif,0.0164
udah nunggu berjam jam ga dapet dapet driver nya hdehh,negatif,negatif,0.0302
"ongkir gofood makin naik, potongan gojek plus makin ditinggikan syarat pembeliannya",negatif,negatif,0.0273
"kesal sekali, ketika payment yg mau di ganti dr cash ke gopay selalu bermasalah,tolong di update ulang",negatif,negatif,0.1131
"makin nggk ngotak aplikasi ini sekarang, udah hampir 10 th saya make gojek dan baru belakangan ini ngeselin banget semenjak ada kebijakan 3000 untuk pembatalan, driver makin seenaknya, yang tadinya kita nunggu cuma 3 menit jadi 40 menit dan yang jarak awal Drive cuma sekitar 2 km jadi 13 km malah muter"" nggk jelas lokasi kita di lewatin gitu aja, hal ini saya alami yg ke 5 kali nya makanya saya buat ulasan ini, mohon di tinjau kembali hal yang seperti ini agar tdk merugikan orang bnyak, Trimksih",negatif,positif,0.5387
maaf harganya tidak fleksibel tolong turunkan,negatif,positif,0.5238
makin lama pas order 😌,negatif,negatif,0.2846
"sangat buruuk, UANG SAYA HILANG DI BAWA KURIRR. MINTA BANTUAN DI GOJEK GAK ADA TINDAKAN APA APA. BAIK BAIK PILIH APLIKASI!!",negatif,negatif,0.0437
"pembaruan mulu dah, jadi susah buka gopets",negatif,negatif,0.0691
"gak jelas udah nunggu lewat 1 jam tiba"" di batalin",negatif,negatif,0.0083
"tolong deh buat drivernya di tindak tegasi. saya selalu dpt driver yg bawanya buru buru, ngebut, nyalip². hari ini sy hampir ke serempet mobil karena ojolnya maksa nyalip dari kiri. tolong bgt deh soalnya ini sy sering banget dapet driver yg kaya gini, ngapain sih bawa buru buru? ky di kejar setan. utamakan keselamatan penumpang dong",negatif,negatif,0.4868
"Saya melakukan sekali pemesanan dan yg muncul drive di layar cuma satu, ternyata tanpa saya lihat sudah terpesan 4 driver dalam seki pesan... saya yg kena marah dan ancam oleh drivernya",negatif,negatif,0.0297
td ada fitur voucher nya pas kita pesen gofood,negatif,negatif,0.457
"qris minta gak muncul sdh berbulan2, tap refresh tetap gak muncul. update terbaru juga sama",negatif,negatif,0.0792
cari driver gofoodnya lama bgt hampir satu setengah jam alhasil ga ketemu dan aku cancel,negatif,negatif,0.0179
"setiap kali ke aplikasi apapun, klo iklan nya gojek, ga ada ""x"" nya. selalu... padahal iklan lain kayak game, lazada dan shopee ada itu tanda silang nya. Gojek ga ada samsek! aku harus keluar dari game atau aplikasi (online) setiap kali iklan Go-Jek muncul... ga nyaman banget",negatif,negatif,0.0252
aplikasi sampah . kebanyakan program ini itu . aceng lah . slot food . go ride . gosend . babi semua gojek . lu tandain ni yang koar koar,negatif,negatif,0.0172
hari ini saya benar-benar merasa dikerjain. transaksi pertama menunggu sampai batas waktu. pesanan belum juga datang. transaksi kedua juga sama. kalau di total menunggu sudah hampir 2 jam tanpa ada pesanan yang datang selain kedatangan permohonan maaf yg templated,negatif,negatif,0.1283
"pesen gofood, udh nunggu 1 jam tp dibatalin sistem krn ga dapat driver. bad bgttt 😤",negatif,negatif,0.0172
Buruk. udah sejam lebih saya pesan makan. malah dibatalin sama driver taik,negatif,negatif,0.0109
iklan jelek busuk hama ganggu anjenghg,negatif,negatif,0.0496
"jarak dkt tambah mahal,beda 4.300 auto pindah ke sebelah,yg sblh lbih cepet dapet drivernya,mkin kecewa aja sama gojek",negatif,negatif,0.1721
kemahalan ongkir gojek 13000 radius 3 km pertimbangkan,negatif,negatif,0.0629
"udahlah lama pesan makan, di batalin",negatif,negatif,0.0254
"driver gada yg ambil food, sudah 4x pesan sampai di cancel pesanan krn tdk ada driver yg ambil, gojek cm mau ambil untuk pengiriman cepat, yg hemat mereka tidak mau ambil. bantuan di aplikasi juga tidak menyelesaikan masalah, hanya nyuruh cancel atau lanjut pesan, seperti itu terus jawaban di pusat bantuan gojek.",negatif,negatif,0.0124
"Belakangan ini sering banget order gofood dibatalin. Udah gitu di cancel baru setelah 1 jam kemudian, awalnya bilang ditunda jadi lebih lama, eh udah nunggu lama malah dicancel. Tolong diperbaiki dong",negatif,negatif,0.0417
"gopay pinjaman saya dah minjam 5jt an keatas sekalinya lunas semua cuma dapet limit 1jt aja,, gila ya ni aplikasi",negatif,negatif,0.0497
tolong dong buka kembali pin gopay saya sudah dinonaktifkan dari tanggal14 Agustus dan sudah melapor keemail ke Ig dan sudah nelpon cs tanpa Ampe skrng blm terselesaikan jadi saldo ketahan dan tidak bisa transaksi beli makanan pulsa data gara gara pin eror,negatif,negatif,0.0923
permisi sama saya di kasih bintang 1 aja soalnya kemarin bikin spanduk menghalangi jalan kaki di bandung jadinya kesel harus di bongkar,negatif,positif,0.6266
"Akun baru sama akun baru bikin beberapa bulan ongkirnya mahal banget buat pesan makanan minuman sama naik motor dan mobil udah ada voucher diskon tapi malah nambah naik harganya tadinya 38 ribu jadi 89 ribu gila sih,tolong perbaiki,harganya murahin napa semuanya sama belanja kebutuhan pokok kaya beras daging juga mahal itu ongkirnya 30an gila 😭😭",negatif,negatif,0.0988
"maaf ini untuk gofood nya gausa ngasih² promo sama ongkir murah klo bikin driver² nya males ambil orderan,udah nunggu lama² ujung² nya di cancel makanan gajadi dapat,mau order ulang makin lama nunggunya dan blm tentu ada yg mau nge pick up lagi,ngerusak rencana org ajaa kampretttttt!!!!!!",negatif,negatif,0.0305
MAU PESEN MALAH DOWN TRS SERVERNYA INI GIMANAAAAAAA,negatif,negatif,0.3474
"Pemesanan order paket hemat sangat2 lama, jika pelayanan lama lebih baik tidak usah ada paket hemat. tidak berguna sama sekali. BAD! delete aplikasi gojek",negatif,negatif,0.0157
ini kenapa dah kok tiba tiba ada transaksi sih 99.900 ribu di gojek buat Roblox pula perasaan kagak pernah transaksi dah ini gemana sistem nya tolong dong min kalo ada transaksi tuh konversi dulu sama kita atau gemana ini kan sama aj hilang duit kita niat nya mah mau di simpem buat dana darurat malah ke pake transaksi GK jelas,negatif,negatif,0.033
"Petanya error, tdk sesuai orderan, seharusnya fitur downpayment diaktifkan spy cicilan ringan di fitur gopay letter, sulit utk melakukan pembayaran paylater, Supir gocarnya kebanyakan minta cancel kalau orderan sdh masuk, spt tdk niat kerja aja",negatif,negatif,0.0164
"driver yg lelet masih di pertahanin,lelet pick up di map ga gerak gerak ,lagi santai pasti itu kaya yg viral driver motornya",negatif,negatif,0.0211
"How to explain, I got racist from this service, the drivers said racist things in Indonesian, I know what it means because I can speak Indonesian and some also asking for more money than the nominal amount, pathetic",negatif,positif,0.8725
"Saya pesan gofood, ada opsi murah untuk ongkir pengirinan namun lebih lama. Saya menggunakan opsi itu, tapi justru setelah menunggu 1,5 jam tidak ada yang menerima pengiriman pesanan. Jadinya pesanan saya batal. Saya paham kalau itu termasuk dalam s&k, tapi kesannya tidak adil juga bagi customer. Ibarat harapan palsu, perbaiki sistemnya mungkin bisa di beri waktu 30 menit untuk memastikan apakah pesanan bisa di kirimkan atau tidak. Dari pada sudah menunggu 1,5 jam! mana ga di kasih kompensasi👎",negatif,negatif,0.0353
A+Rewards nya malah ditiadakan.. Perusahaan Merki.. 🤬,negatif,negatif,0.3033
"lemot, mangkelno tambah larang",negatif,negatif,0.1296
"ini makin waktu, aplikasi gojek mulai ga jelas dah. Ada fitur transportasi hemat dan cepat .Saya sudah nunggu 30 menit transportasi motor cepat. dan keadaan saya disana sudah lelah dan pusing. bnar² tdk ada empati",negatif,negatif,0.0169
"REVISII, AKU DULU KASIH BINTANG 1 TAPI GOJEK UDAH BERBENAH, GA LEMOT BAHKAN DI HP MODEL LAMA SEKALIPUN, BISA BUAT BAYAR QRIS JUGA... DRIVER DATENGNYA CEPET, JARANG CANCEL, REVISI LAGI, gua disuruh puter balik anjeng sama driver tolol di mrt blok m, padahal gua uda sesuai titik jemput di depan kimia farma, malah disuruh nyebrang anjeng posisi udah malem, rame, gua udah capek. disuruh nyebrang gua tolol emang driverny",negatif,negatif,0.0288
"sekarang gojek mahal bangett, dan kadang dapet pengemudi kurang sopan dan kadang suka marah marah... kalo di kasih tau jalan malah kadang suka ngeyel.. gimana pun juga saya sebagai pelangan butuh yg cepet dan gak macett..",negatif,negatif,0.1695
"order bike pagi buat berangkat anak sekolah 20menit ga dapet driver padahal ada driver di deket bandara malahan ,parah ini apk ,qnak saya jadi telat ndak jadi berangkat sekolah",negatif,negatif,0.0189
ini siapa sih yang ngedrsain tampilan map nya ga keliatan anjir kek mana mau tau dah sampai apa belum kek aneh anj baru lulus ye lo kaga ngerti penggunaan user,negatif,negatif,0.0537
"kalau pesen gofood, biaya lain semakin tiada jelas, apa biaya lainnya",negatif,negatif,0.0115
"saya mesan gofood lama sekali dapet drivernya hampir 1 jam baru dapat driver, tolong diperbaiki",negatif,negatif,0.0693
"susah banget dapat drivernya, tolong perbaiki dong supaya driver yang membatalkan pesanan kena pelanggaran, kami para customer susah klo gini",negatif,negatif,0.0332
